unit,first_report,last_report,labs,releases_reporting,releases_after_last_by_same_labs,dropped_out,primary_date,status,postmortem_months,postmortem_censored,releases_reporting_after_death
HumanEval,2021-07,2026-09,9,60,0,0,2023-05,saturated,40.0,1,54
GSM8K,2022-04,2026-09,9,50,0,0,2023-03,saturated,42.0,1,46
MMLU,2021-12,2026-04,9,70,42,0,2023-12,saturated,28.0,1,54
TriviaQA,2020-05,2026-04,7,25,32,0,2024-07,saturated,21.0,1,10
QuALITY,2023-07,2024-07,2,4,26,1,2024-03,saturated,4.0,0,1
ARC-Challenge,2020-05,2025-10,8,26,68,0,2023-03,saturated,31.0,1,22
RACE,2018-06,2024-12,5,16,97,1,2020-03,saturated,57.0,0,14
MedQA,2023-07,2024-08,2,3,60,1,2023-11,saturated,9.0,0,2
MATH,2023-02,2026-09,9,58,0,0,2024-05,saturated,28.0,1,35
GPQA Diamond,2024-02,2026-09,9,102,0,0,2025-11,saturated,10.0,1,30
MGSM,2022-10,2026-09,6,26,0,0,2024-03,saturated,30.0,1,18
DROP,2020-05,2026-09,6,24,0,0,,alive,,0,0
BIG-Bench Hard,2022-10,2026-09,7,34,0,0,2024-06,saturated,27.0,1,13
HellaSwag,2020-05,2026-09,8,32,0,0,2021-03,saturated,66.0,1,31
WinoGrande,2020-05,2026-04,8,23,35,0,2021-03,saturated,61.0,1,22
APPS,2021-07,2024-03,4,4,100,1,,abandoned,,0,0
MBPP,2022-04,2025-10,7,35,46,0,2024-11,saturated,11.0,1,9
MMMU,2023-12,2026-04,9,48,42,0,2024-09,saturated,19.0,1,34
DocVQA,2023-03,2026-09,7,18,0,0,,alive,,0,0
MathVista,2023-12,2026-02,9,25,56,0,2026-01,saturated,1.0,1,1
AI2D,2023-03,2026-04,7,14,37,0,2024-05,saturated,23.0,1,8
ChartQA,2023-03,2025-06,7,18,92,1,2024-06,saturated,12.0,0,10
MMMLU,2024-03,2026-06,6,30,23,0,2025-11,saturated,7.0,1,13
Needle-in-a-Haystack,2023-11,2025-04,6,12,77,1,2023-11,saturated,17.0,0,11
OSWorld,2024-10,2026-04,2,7,18,0,2025-07,saturated,9.0,1,5
SWE-bench Verified,2024-08,2026-07,9,68,20,0,2026-02,saturated,5.0,1,13
tau-bench retail,2024-10,2025-09,4,12,52,1,2025-07,saturated,2.0,0,3
tau-bench airline,2024-10,2025-09,3,10,43,1,2025-07,saturated,2.0,0,3
MMLU-Pro,2024-06,2026-09,8,40,0,0,2026-02,saturated,7.0,1,5
AIME 2024,2024-06,2025-09,8,30,83,1,2024-09,saturated,12.0,0,27
IFEval,2023-11,2026-06,8,29,26,0,2025-04,saturated,14.0,1,11
SWE-bench,2024-06,2026-08,4,7,4,0,2024-08,saturated,24.0,1,6
MATH-500,2024-09,2025-10,7,13,57,0,2024-09,saturated,13.0,1,12
VCT,2025-02,2026-09,4,20,0,0,,alive,,0,0
LAB-Bench,2024-09,2026-09,4,20,0,0,2026-02,saturated,7.0,1,10
Cybench,2025-02,2026-07,3,17,9,0,2026-07,saturated,0.0,1,0
Terminal-Bench 1.0,2025-05,2025-10,3,10,25,0,2025-11,saturated,-1.0,1,0
AIME 2025,2025-02,2026-02,8,42,52,0,2025-02,saturated,12.0,1,41
tau2-bench retail,2025-07,2026-02,5,14,38,0,2026-02,saturated,0.0,1,0
tau2-bench airline,2025-07,2026-02,4,11,32,0,2026-02,saturated,0.0,1,0
tau2-bench telecom,2025-07,2026-04,7,19,38,0,2025-08,saturated,8.0,1,14
Finance Agent v1,2025-09,2026-02,1,3,9,0,2026-02,saturated,0.0,1,0
SimpleQA,2024-09,2025-10,8,32,78,0,,alive,,0,0
CyberGym,2025-09,2026-09,7,21,0,0,,alive,,0,0
Terminal-Bench 2.0,2025-11,2026-08,8,26,12,0,2026-05,saturated,3.0,1,2
MCP Atlas,2025-11,2026-07,7,21,16,0,,alive,,0,0
ARC-AGI-2,2025-07,2026-09,5,18,0,0,2026-04,saturated,5.0,1,4
ARC-AGI-1,2024-12,2026-09,3,12,0,0,2024-12,saturated,21.0,1,11
SWE-bench Multilingual,2025-07,2026-09,5,24,0,0,2026-06,saturated,3.0,1,5
SWE-bench Pro,2025-11,2026-09,8,30,0,0,2026-09,saturated,0.0,1,0
SpreadsheetBench,2025-07,2026-07,4,5,9,0,,alive,,0,0
Humanity's Last Exam,2025-02,2026-09,9,63,0,0,2026-08,saturated,1.0,1,5
WebArena,2025-01,2026-08,5,9,8,0,,alive,,0,0
Aider Polyglot,2024-06,2025-11,7,24,58,0,2025-04,saturated,7.0,1,16
SimpleQA Verified,2025-11,2026-09,5,12,0,0,,alive,,0,0
AA-Omniscience,2025-11,2026-09,1,11,0,0,,alive,,0,0
OSWorld-Verified,2026-01,2026-08,6,20,9,0,2026-06,saturated,2.0,1,5
MMMU-Pro,2024-09,2026-09,8,29,0,0,,alive,,0,0
MRCR,2024-05,2026-09,7,35,0,0,2025-08,saturated,13.0,1,24
Graphwalks,2025-04,2026-07,2,13,8,0,2025-12,saturated,7.0,1,10
CharXiv,2025-04,2026-09,6,28,0,0,,alive,,0,0
BrowseComp,2025-04,2026-09,7,30,0,0,2026-04,saturated,5.0,1,8
DeepSearchQA,2026-01,2026-09,4,14,0,0,2026-02,saturated,7.0,1,11
BioMysteryBench,2026-02,2026-09,2,12,0,0,2026-07,saturated,2.0,1,5
ECLeKTic,2025-06,2026-06,2,6,8,0,,alive,,0,0
Finance Agent v1.1,2026-02,2026-04,2,4,18,0,,alive,,0,0
Global-MMLU,2025-02,2026-09,2,16,0,0,2026-05,saturated,4.0,1,6
MILU,2026-02,2026-09,1,9,0,0,2026-02,saturated,7.0,1,8
OfficeQA,2026-02,2026-09,4,13,0,0,,alive,,0,0
SWE-bench Multimodal,2026-04,2026-09,1,9,0,0,,alive,,0,0
USAMO 2026,2026-04,2026-06,1,5,4,0,2026-03,saturated,3.0,1,5
ScreenSpot-Pro,2025-11,2026-09,5,13,0,0,2026-04,saturated,5.0,1,5
LinuxArena,2026-04,2026-09,1,9,0,0,,alive,,0,0
INCLUDE,2025-05,2026-07,2,13,4,0,2026-06,saturated,1.0,1,1
Terminal-Bench 2.1,2026-05,2026-09,8,20,0,0,2026-07,saturated,2.0,1,8
Finance Agent v2,2026-05,2026-09,4,6,0,0,,alive,,0,0
AutomationBench,2026-05,2026-09,7,19,0,0,,alive,,0,0
FrontierSWE,2026-05,2026-09,4,9,0,0,,alive,,0,0
ProgramBench,2026-05,2026-09,4,11,0,0,,alive,,0,0
ArXivMath,2026-05,2026-09,1,7,0,0,2026-09,saturated,0.0,1,0
Harvey LAB,2026-05,2026-09,4,12,0,0,,alive,,0,0
Toolathlon,2025-12,2026-09,7,22,0,0,2026-06,saturated,3.0,1,11
HealthBench Professional,2026-04,2026-09,4,16,0,0,,alive,,0,0
Mind2Web,2026-03,2026-05,2,2,15,0,2026-03,saturated,2.0,1,1
ExploitBench,2026-05,2026-09,2,11,0,0,2026-09,saturated,0.0,1,0
CritPt,2026-05,2026-09,3,5,0,0,2026-09,saturated,0.0,1,0
FrontierCode,2026-06,2026-09,4,10,0,0,,alive,,0,0
GDP-PDF,2026-06,2026-09,3,8,0,0,,alive,,0,0
Blueprint Bench,2026-05,2026-06,2,2,8,0,,alive,,0,0
HealthBench,2025-08,2026-09,5,21,0,0,2026-07,saturated,2.0,1,7
DeepSWE,2026-07,2026-09,8,23,0,0,,alive,,0,0
OSWorld 2.0,2026-07,2026-09,6,13,0,0,,alive,,0,0
ARC-AGI-3,2026-07,2026-09,2,3,0,0,2026-09,saturated,0.0,1,0
ExploitGym,2026-06,2026-09,4,10,0,0,,alive,,0,0
Terminal-Bench 4.0,2026-09,2026-09,5,7,0,0,,alive,,0,0
Terminal-Bench Science,2026-09,2026-09,2,5,0,0,,alive,,0,0
GLUE,2018-06,2019-10,3,4,95,1,2019-05,saturated,5.0,0,2
SQuAD 1.1,2018-10,2024-09,2,7,27,1,2018-06,saturated,75.0,0,7
SQuAD 2.0,2018-10,2023-05,3,6,83,1,2019-07,saturated,46.0,0,4
SuperGLUE,2019-10,2022-05,3,4,88,1,2021-01,saturated,16.0,0,2
BoolQ,2019-10,2024-07,5,12,97,1,2019-10,saturated,57.0,0,11
LAMBADA,2019-02,2024-08,3,8,77,1,,abandoned,,0,0
Natural Questions,2019-02,2024-12,6,17,101,1,,alive,,0,0
PIQA,2020-05,2026-06,6,22,19,0,2021-03,saturated,63.0,1,21
Social IQa,2021-12,2024-07,4,7,54,1,,alive,,0,0
StoryCloze,2018-06,2024-02,4,6,96,1,2018-07,saturated,67.0,0,5
CoQA,2019-02,2022-04,2,3,75,1,2019-03,saturated,37.0,0,2
QuAC,2020-05,2024-09,4,8,78,1,,abandoned,,0,0
ARC-Easy,2020-05,2024-12,6,15,101,1,2020-05,saturated,55.0,0,14
OpenBookQA,2020-05,2024-07,5,7,105,1,2022-10,saturated,21.0,0,4
ANLI,2020-05,2023-05,2,3,71,1,,abandoned,,0,0
SVAMP,2022-04,2023-11,3,3,62,1,2023-04,saturated,7.0,0,2
MAWPS,2022-04,2023-11,3,3,62,1,2022-03,saturated,20.0,0,3
ASDiv,2022-04,2023-11,3,3,62,1,2023-05,saturated,6.0,0,2
CommonsenseQA,2022-04,2024-07,4,7,54,1,2021-12,saturated,31.0,0,7
TyDiQA,2022-10,2025-04,2,4,20,1,,abandoned,,0,0
XCOPA,2023-05,2024-02,2,2,41,1,2023-05,saturated,9.0,0,1
TextVQA,2023-03,2024-12,5,8,98,1,,abandoned,,0,0
InfoVQA,2023-03,2026-01,4,5,34,0,,alive,,0,0
VQAv2,2023-03,2024-11,4,8,76,1,,abandoned,,0,0
ActivityNet-QA,2023-12,2025-06,2,5,16,1,,abandoned,,0,0
Perception Test,2023-12,2025-06,2,3,16,1,,alive,,0,0
EgoSchema,2024-02,2025-02,3,6,69,1,,alive,,0,0
MultiPL-E,2023-08,2026-02,8,22,47,0,,alive,,0,0
RealWorldQA,2024-04,2026-08,4,7,4,0,,alive,,0,0
BLINK,2024-05,2026-01,2,2,11,0,,alive,,0,0
V*Bench,2024-05,2025-04,2,2,47,1,2024-11,saturated,5.0,0,1
LiveCodeBench,2024-05,2026-06,7,52,19,0,,alive,,0,0
FACTS Grounding,2024-12,2025-07,2,6,19,1,,alive,,0,0
WebVoyager,2024-12,2025-01,2,2,55,1,2025-04,saturated,-3.0,0,0
Video-MME,2025-04,2026-08,4,11,5,0,2026-04,saturated,4.0,1,3
USAMO 2025,2025-05,2025-07,2,2,28,1,,abandoned,,0,0
VideoMMMU,2025-06,2026-08,4,12,5,0,,alive,,0,0
LOFT,2025-02,2025-06,2,2,29,1,,abandoned,,0,0
ZeroBench,2025-06,2026-09,5,8,0,0,,alive,,0,0
LVBench,2025-06,2026-09,3,7,0,0,,alive,,0,0
WMDP,2024-09,2026-09,4,14,0,0,2026-04,saturated,5.0,1,4
IMO 2025,2025-08,2025-12,2,3,14,0,,alive,,0,0
APEX,2025-11,2026-09,4,7,0,0,,alive,,0,0
OmniDocBench,2025-10,2026-08,5,12,6,0,2025-09,saturated,11.0,1,12
MT-Bench,2023-09,2026-02,4,21,15,0,2023-11,saturated,27.0,1,19
SciCode,2025-11,2026-07,3,7,3,0,,alive,,0,0
APEX-Agents,2026-02,2026-08,3,4,3,0,2026-09,saturated,-1.0,1,0
MLE-bench,2024-12,2026-09,3,15,0,0,2026-04,saturated,5.0,1,4
Terminal-Bench 3.0,2026-08,2026-09,3,3,0,0,2026-08,saturated,1.0,1,1
Agent's Last Exam,2026-07,2026-09,5,10,0,0,,alive,,0,0
HLE-Verified,2026-02,2026-09,2,3,0,0,,alive,,0,0
AGIEval,2023-07,2026-09,5,17,0,0,,alive,,0,0
EvalPlus,2024-06,2026-02,3,8,11,0,2024-12,saturated,14.0,1,5
ERQA,2025-08,2026-08,3,6,5,0,,alive,,0,0
SimpleVQA,2026-01,2026-08,3,6,1,0,,alive,,0,0
MedXpertQA,2026-02,2026-08,2,4,1,0,,alive,,0,0
ProtocolQA,2024-12,2026-09,3,28,0,0,,alive,,0,0
JobBench,2026-07,2026-09,3,4,0,0,,alive,,0,0
BabyVision,2026-01,2026-09,4,8,0,0,,alive,,0,0
WideSearch,2026-01,2026-08,3,6,1,0,,alive,,0,0
WildBench,2024-07,2025-06,1,4,3,1,,alive,,0,0
Arena-Hard,2024-06,2026-01,4,18,13,0,2024-10,saturated,15.0,1,12
LongBench v2,2024-12,2026-09,4,10,0,0,,alive,,0,0
RULER,2024-12,2025-10,3,7,11,0,2024-04,saturated,18.0,1,7
MakeMePay,2024-09,2025-02,1,5,34,1,,abandoned,,0,0
MakeMeSay,2024-09,2026-02,2,9,25,0,,alive,,0,0
BioLP-bench,2024-12,2025-11,2,8,32,0,,alive,,0,0
LiveBench,2024-09,2025-10,3,12,33,0,,alive,,0,0
FrontierMath,2024-12,2026-07,1,9,5,0,2026-05,saturated,2.0,1,1
SWE-Lancer,2025-02,2026-02,2,9,19,0,,alive,,0,0
MultiChallenge,2025-04,2026-05,3,9,13,0,,alive,,0,0
Multi-IF,2025-04,2025-09,2,5,30,1,,alive,,0,0
PaperBench,2025-04,2026-08,3,10,4,0,,alive,,0,0
FActScore,2025-08,2025-11,2,3,32,0,2025-08,saturated,3.0,1,2
HMMT Feb 2025,2025-05,2026-04,5,19,27,0,2025-07,saturated,9.0,1,13
CVE-Bench,2025-11,2026-09,2,12,0,0,,alive,,0,0
GDPval,2025-12,2026-09,2,6,0,0,,alive,,0,0
FrontierMath Tier 4,2025-12,2026-09,1,5,0,0,2026-05,saturated,4.0,1,2
BixBench,2026-04,2026-09,2,5,0,0,,alive,,0,0
LifeSciBench,2026-06,2026-09,1,3,0,0,,alive,,0,0
SEC-Bench,2026-07,2026-09,2,4,0,0,,alive,,0,0
PostTrainBench,2026-07,2026-09,2,3,0,0,,alive,,0,0
C-Eval,2023-09,2026-09,3,23,0,0,2024-06,saturated,27.0,1,15
CMMLU,2023-09,2026-04,3,16,9,0,2024-06,saturated,22.0,1,8
AlpacaEval,2024-02,2025-01,2,7,27,1,2024-10,saturated,3.0,0,2
TheoremQA,2024-04,2024-12,1,3,13,1,,abandoned,,0,0
AlignBench,2023-11,2025-05,2,7,22,1,2025-05,saturated,0.0,0,0
MMLU-Redux,2024-09,2026-06,3,19,6,0,2024-09,saturated,21.0,1,19
SuperGPQA,2025-05,2026-09,3,12,0,0,,alive,,0,0
CRUXEval,2024-05,2025-10,3,6,19,0,2025-04,saturated,6.0,1,3
WritingBench,2025-05,2025-09,1,4,6,1,,alive,,0,0
ZebraLogic,2025-05,2025-07,2,4,15,1,2025-04,saturated,3.0,0,4
AutoLogi,2025-05,2025-07,2,3,15,1,,abandoned,,0,0
BFCL v3,2025-05,2025-09,2,5,15,1,2025-07,saturated,2.0,0,1
PolyMath,2025-05,2026-06,2,11,2,0,,alive,,0,0
MMLU-ProX,2025-07,2026-06,1,7,1,0,,alive,,0,0
OJBench,2025-07,2026-04,2,8,5,0,,alive,,0,0
HMMT Nov 2025,2025-12,2026-04,3,5,9,0,2025-11,saturated,5.0,1,5
IMO-AnswerBench,2025-11,2026-06,3,10,6,0,2026-05,saturated,1.0,1,1
IFBench,2026-01,2026-08,1,6,0,0,,alive,,0,0
BFCL v4,2025-11,2026-06,2,5,7,0,,alive,,0,0
VitaBench,2026-01,2026-06,1,5,1,0,,alive,,0,0
AA-LCR,2026-01,2026-07,2,5,1,0,,alive,,0,0
AIME 2026,2026-02,2026-04,2,3,5,0,2026-02,saturated,2.0,1,2
MCPMark,2025-12,2026-07,3,8,4,0,2026-06,saturated,1.0,1,1
BrowseComp-ZH,2025-08,2026-02,4,7,21,0,,alive,,0,0
SealQA,2025-11,2026-02,2,3,7,0,,alive,,0,0
MATH-Vision,2025-01,2026-08,2,8,0,0,2026-04,saturated,4.0,1,3
MMStar,2024-12,2026-08,2,4,1,0,,alive,,0,0
MMBench,2024-03,2026-02,2,3,9,0,2025-05,saturated,9.0,1,1
OCRBench,2024-03,2026-08,3,6,1,0,2024-12,saturated,20.0,1,4
ODinW,2026-02,2026-06,1,3,1,0,,alive,,0,0
LingoQA,2026-02,2026-08,1,3,0,0,,alive,,0,0
MLVU,2026-02,2026-08,1,4,0,0,2026-08,saturated,0.0,1,0
MMVU,2026-01,2026-08,2,4,0,0,,alive,,0,0
AndroidWorld,2026-02,2026-08,1,3,0,0,2025-10,saturated,10.0,1,3
Claw-Eval,2026-04,2026-08,2,5,0,0,,alive,,0,0
NL2Repo,2026-04,2026-09,2,8,0,0,,alive,,0,0
HMMT Feb 2026,2026-04,2026-06,3,5,6,0,2026-02,saturated,4.0,1,5
WorldVQA,2026-01,2026-08,2,4,0,0,,alive,,0,0
MLS-Bench,2026-06,2026-08,2,3,0,0,,alive,,0,0
PerceptionBench,2026-07,2026-08,2,2,0,0,,alive,,0,0
CLUEWSC,2023-11,2026-04,2,8,6,0,2021-10,saturated,54.0,1,8
CMath,2023-11,2026-04,2,8,6,0,2024-09,saturated,19.0,1,5
CNMO 2024,2024-12,2025-07,2,5,19,1,,abandoned,,0,0
FRAMES,2024-12,2025-11,3,7,23,0,2025-09,saturated,2.0,1,3
SWE-Marathon,2026-07,2026-09,2,4,0,0,,alive,,0,0
tau3-bench banking,2026-07,2026-07,2,2,4,0,,alive,,0,0
